CurrencyRateConversionSK,CurrencyID,CurrencyRateDate,CurrencyRateDateSK,FromCurrencyCode,ToCurrencyCode,EndOfDayRate,ModifiedDate
1,7,2011-01-02,20110102,USD,EUR,0.7492,2018-04-02 19:42:09.217
2,7,2011-01-03,20110103,USD,EUR,0.7488,2018-04-02 19:42:09.217
3,7,2011-01-04,20110104,USD,EUR,0.7513,2018-04-02 19:42:09.217
4,7,2011-01-05,20110105,USD,EUR,0.7605,2018-04-02 19:42:09.217
5,7,2011-01-06,20110106,USD,EUR,0.7693,2018-04-02 19:42:09.217
6,7,2011-01-07,20110107,USD,EUR,0.7747,2018-04-02 19:42:09.217
7,7,2011-01-08,20110108,USD,EUR,0.7747,2018-04-02 19:42:09.217
8,7,2011-01-09,20110109,USD,EUR,0.7756,2018-04-02 19:42:09.217
9,7,2011-01-10,20110110,USD,EUR,0.7724,2018-04-02 19:42:09.217
10,7,2011-01-11,20110111,USD,EUR,0.7711,2018-04-02 19:42:09.217
11,7,2011-01-12,20110112,USD,EUR,0.7616,2018-04-02 19:42:09.217
12,7,2011-01-13,20110113,USD,EUR,0.7492,2018-04-02 19:42:09.217
13,7,2011-01-14,20110114,USD,EUR,0.7469,2018-04-02 19:42:09.217
14,7,2011-01-15,20110115,USD,EUR,0.7469,2018-04-02 19:42:09.217
15,7,2011-01-16,20110116,USD,EUR,0.7484,2018-04-02 19:42:09.217
16,7,2011-01-17,20110117,USD,EUR,0.7531,2018-04-02 19:42:09.217
17,7,2011-01-18,20110118,USD,EUR,0.7471,2018-04-02 19:42:09.217
18,7,2011-01-19,20110119,USD,EUR,0.7429,2018-04-02 19:42:09.217
19,7,2011-01-20,20110120,USD,EUR,0.7425,2018-04-02 19:42:09.217
20,7,2011-01-21,20110121,USD,EUR,0.7339,2018-04-02 19:42:09.217
21,7,2011-01-22,20110122,USD,EUR,0.7339,2018-04-02 19:42:09.217
22,7,2011-01-23,20110123,USD,EUR,0.7341,2018-04-02 19:42:09.217
23,7,2011-01-24,20110124,USD,EUR,0.7332,2018-04-02 19:42:09.217
24,7,2011-01-25,20110125,USD,EUR,0.7309,2018-04-02 19:42:09.217
25,7,2011-01-26,20110126,USD,EUR,0.7298,2018-04-02 19:42:09.217
26,7,2011-01-27,20110127,USD,EUR,0.7284,2018-04-02 19:42:09.217
27,7,2011-01-28,20110128,USD,EUR,0.7348,2018-04-02 19:42:09.217
28,7,2011-01-29,20110129,USD,EUR,0.7348,2018-04-02 19:42:09.217
29,7,2011-01-30,20110130,USD,EUR,0.7357,2018-04-02 19:42:09.217
30,7,2011-01-31,20110131,USD,EUR,0.7303,2018-04-02 19:42:09.217
31,7,2011-02-01,20110201,USD,EUR,0.7233,2018-04-02 19:42:09.217
32,7,2011-02-02,20110202,USD,EUR,0.7244,2018-04-02 19:42:09.217
33,7,2011-02-03,20110203,USD,EUR,0.7338,2018-04-02 19:42:09.217
34,7,2011-02-04,20110204,USD,EUR,0.7364,2018-04-02 19:42:09.217
35,7,2011-02-05,20110205,USD,EUR,0.7364,2018-04-02 19:42:09.217
36,7,2011-02-06,20110206,USD,EUR,0.7371,2018-04-02 19:42:09.217
37,7,2011-02-07,20110207,USD,EUR,0.7364,2018-04-02 19:42:09.217
38,7,2011-02-08,20110208,USD,EUR,0.7337,2018-04-02 19:42:09.217
39,7,2011-02-09,20110209,USD,EUR,0.7286,2018-04-02 19:42:09.217
40,7,2011-02-10,20110210,USD,EUR,0.7353,2018-04-02 19:42:09.217
41,7,2011-02-11,20110211,USD,EUR,0.7385,2018-04-02 19:42:09.217
42,7,2011-02-12,20110212,USD,EUR,0.7385,2018-04-02 19:42:09.217
43,7,2011-02-13,20110213,USD,EUR,0.7395,2018-04-02 19:42:09.217
44,7,2011-02-14,20110214,USD,EUR,0.7413,2018-04-02 19:42:09.217
45,7,2011-02-15,20110215,USD,EUR,0.7412,2018-04-02 19:42:09.217
46,7,2011-02-16,20110216,USD,EUR,0.7374,2018-04-02 19:42:09.217
47,7,2011-02-17,20110217,USD,EUR,0.7349,2018-04-02 19:42:09.217
48,7,2011-02-18,20110218,USD,EUR,0.7303,2018-04-02 19:42:09.217
49,7,2011-02-19,20110219,USD,EUR,0.7303,2018-04-02 19:42:09.217
50,7,2011-02-20,20110220,USD,EUR,0.7302,2018-04-02 19:42:09.217
51,7,2011-02-21,20110221,USD,EUR,0.7312,2018-04-02 19:42:09.217
52,7,2011-02-22,20110222,USD,EUR,0.7321,2018-04-02 19:42:09.217
53,7,2011-02-23,20110223,USD,EUR,0.7272,2018-04-02 19:42:09.217
54,7,2011-02-24,20110224,USD,EUR,0.7246,2018-04-02 19:42:09.217
55,7,2011-02-25,20110225,USD,EUR,0.7267,2018-04-02 19:42:09.217
56,7,2011-02-26,20110226,USD,EUR,0.7267,2018-04-02 19:42:09.217
57,7,2011-02-27,20110227,USD,EUR,0.7270,2018-04-02 19:42:09.217
58,7,2011-02-28,20110228,USD,EUR,0.7241,2018-04-02 19:42:09.217
59,7,2011-03-01,20110301,USD,EUR,0.7259,2018-04-02 19:42:09.217
60,7,2011-03-02,20110302,USD,EUR,0.7213,2018-04-02 19:42:09.217
61,7,2011-03-03,20110303,USD,EUR,0.7164,2018-04-02 19:42:09.217
62,7,2011-03-04,20110304,USD,EUR,0.7150,2018-04-02 19:42:09.217
63,7,2011-03-05,20110305,USD,EUR,0.7150,2018-04-02 19:42:09.217
64,7,2011-03-06,20110306,USD,EUR,0.7144,2018-04-02 19:42:09.217
65,7,2011-03-07,20110307,USD,EUR,0.7161,2018-04-02 19:42:09.217
66,7,2011-03-08,20110308,USD,EUR,0.7192,2018-04-02 19:42:09.217
67,7,2011-03-09,20110309,USD,EUR,0.7191,2018-04-02 19:42:09.217
68,7,2011-03-10,20110310,USD,EUR,0.7246,2018-04-02 19:42:09.217
69,7,2011-03-11,20110311,USD,EUR,0.7193,2018-04-02 19:42:09.217
70,7,2011-03-12,20110312,USD,EUR,0.7193,2018-04-02 19:42:09.217
71,7,2011-03-13,20110313,USD,EUR,0.7173,2018-04-02 19:42:09.217
72,7,2011-03-14,20110314,USD,EUR,0.7145,2018-04-02 19:42:09.217
73,7,2011-03-15,20110315,USD,EUR,0.7156,2018-04-02 19:42:09.217
74,7,2011-03-16,20110316,USD,EUR,0.7189,2018-04-02 19:42:09.217
75,7,2011-03-17,20110317,USD,EUR,0.7135,2018-04-02 19:42:09.217
76,7,2011-03-18,20110318,USD,EUR,0.7050,2018-04-02 19:42:09.217
77,7,2011-03-19,20110319,USD,EUR,0.7050,2018-04-02 19:42:09.217
78,7,2011-03-20,20110320,USD,EUR,0.7054,2018-04-02 19:42:09.217
79,7,2011-03-21,20110321,USD,EUR,0.7033,2018-04-02 19:42:09.217
80,7,2011-03-22,20110322,USD,EUR,0.7047,2018-04-02 19:42:09.217
81,7,2011-03-23,20110323,USD,EUR,0.7093,2018-04-02 19:42:09.217
82,7,2011-03-24,20110324,USD,EUR,0.7051,2018-04-02 19:42:09.217
83,7,2011-03-25,20110325,USD,EUR,0.7098,2018-04-02 19:42:09.217
84,7,2011-03-26,20110326,USD,EUR,0.7098,2018-04-02 19:42:09.217
85,7,2011-03-27,20110327,USD,EUR,0.7130,2018-04-02 19:42:09.217
86,7,2011-03-28,20110328,USD,EUR,0.7101,2018-04-02 19:42:09.217
87,7,2011-03-29,20110329,USD,EUR,0.7087,2018-04-02 19:42:09.217
88,7,2011-03-30,20110330,USD,EUR,0.7080,2018-04-02 19:42:09.217
89,7,2011-03-31,20110331,USD,EUR,0.7056,2018-04-02 19:42:09.217
90,7,2011-04-01,20110401,USD,EUR,0.7026,2018-04-02 19:42:09.217
91,7,2011-04-02,20110402,USD,EUR,0.7026,2018-04-02 19:42:09.217
92,7,2011-04-03,20110403,USD,EUR,0.7026,2018-04-02 19:42:09.217
93,7,2011-04-04,20110404,USD,EUR,0.7033,2018-04-02 19:42:09.217
94,7,2011-04-05,20110405,USD,EUR,0.7035,2018-04-02 19:42:09.217
95,7,2011-04-06,20110406,USD,EUR,0.6976,2018-04-02 19:42:09.217
96,7,2011-04-07,20110407,USD,EUR,0.6993,2018-04-02 19:42:09.217
97,7,2011-04-08,20110408,USD,EUR,0.6904,2018-04-02 19:42:09.217
98,7,2011-04-09,20110409,USD,EUR,0.6904,2018-04-02 19:42:09.217
99,7,2011-04-10,20110410,USD,EUR,0.6904,2018-04-02 19:42:09.217
100,7,2011-04-11,20110411,USD,EUR,0.6928,2018-04-02 19:42:09.217
101,7,2011-04-12,20110412,USD,EUR,0.6906,2018-04-02 19:42:09.217
102,7,2011-04-13,20110413,USD,EUR,0.6924,2018-04-02 19:42:09.217
103,7,2011-04-14,20110414,USD,EUR,0.6903,2018-04-02 19:42:09.217
104,7,2011-04-15,20110415,USD,EUR,0.6929,2018-04-02 19:42:09.217
105,7,2011-04-16,20110416,USD,EUR,0.6929,2018-04-02 19:42:09.217
106,7,2011-04-17,20110417,USD,EUR,0.6929,2018-04-02 19:42:09.217
107,7,2011-04-18,20110418,USD,EUR,0.7030,2018-04-02 19:42:09.217
108,7,2011-04-19,20110419,USD,EUR,0.6975,2018-04-02 19:42:09.217
109,7,2011-04-20,20110420,USD,EUR,0.6887,2018-04-02 19:42:09.217
110,7,2011-04-21,20110421,USD,EUR,0.6872,2018-04-02 19:42:09.217
111,7,2011-04-22,20110422,USD,EUR,0.6868,2018-04-02 19:42:09.217
112,7,2011-04-23,20110423,USD,EUR,0.6868,2018-04-02 19:42:09.217
113,7,2011-04-24,20110424,USD,EUR,0.6868,2018-04-02 19:42:09.217
114,7,2011-04-25,20110425,USD,EUR,0.6859,2018-04-02 19:42:09.217
115,7,2011-04-26,20110426,USD,EUR,0.6827,2018-04-02 19:42:09.217
116,7,2011-04-27,20110427,USD,EUR,0.6768,2018-04-02 19:42:09.217
117,7,2011-04-28,20110428,USD,EUR,0.6746,2018-04-02 19:42:09.217
118,7,2011-04-29,20110429,USD,EUR,0.6752,2018-04-02 19:42:09.217
119,7,2011-04-30,20110430,USD,EUR,0.6752,2018-04-02 19:42:09.217
120,7,2011-05-01,20110501,USD,EUR,0.6752,2018-04-02 19:42:09.217
121,7,2011-05-02,20110502,USD,EUR,0.6747,2018-04-02 19:42:09.217
122,7,2011-05-03,20110503,USD,EUR,0.6747,2018-04-02 19:42:09.217
123,7,2011-05-04,20110504,USD,EUR,0.6743,2018-04-02 19:42:09.217
124,7,2011-05-05,20110505,USD,EUR,0.6875,2018-04-02 19:42:09.217
125,7,2011-05-06,20110506,USD,EUR,0.6983,2018-04-02 19:42:09.217
126,7,2011-05-07,20110507,USD,EUR,0.6983,2018-04-02 19:42:09.217
127,7,2011-05-08,20110508,USD,EUR,0.6983,2018-04-02 19:42:09.217
128,7,2011-05-09,20110509,USD,EUR,0.6966,2018-04-02 19:42:09.217
129,7,2011-05-10,20110510,USD,EUR,0.6941,2018-04-02 19:42:09.217
130,7,2011-05-11,20110511,USD,EUR,0.7041,2018-04-02 19:42:09.217
131,7,2011-05-12,20110512,USD,EUR,0.7022,2018-04-02 19:42:09.217
132,7,2011-05-13,20110513,USD,EUR,0.7087,2018-04-02 19:42:09.217
133,7,2011-05-14,20110514,USD,EUR,0.7087,2018-04-02 19:42:09.217
134,7,2011-05-15,20110515,USD,EUR,0.7087,2018-04-02 19:42:09.217
135,7,2011-05-16,20110516,USD,EUR,0.7061,2018-04-02 19:42:09.217
136,7,2011-05-17,20110517,USD,EUR,0.7024,2018-04-02 19:42:09.217
137,7,2011-05-18,20110518,USD,EUR,0.7018,2018-04-02 19:42:09.217
138,7,2011-05-19,20110519,USD,EUR,0.6987,2018-04-02 19:42:09.217
139,7,2011-05-20,20110520,USD,EUR,0.7064,2018-04-02 19:42:09.217
140,7,2011-05-21,20110521,USD,EUR,0.7064,2018-04-02 19:42:09.217
141,7,2011-05-22,20110522,USD,EUR,0.7064,2018-04-02 19:42:09.217
142,7,2011-05-23,20110523,USD,EUR,0.7119,2018-04-02 19:42:09.217
143,7,2011-05-24,20110524,USD,EUR,0.7091,2018-04-02 19:42:09.217
144,7,2011-05-25,20110525,USD,EUR,0.7098,2018-04-02 19:42:09.217
145,7,2011-05-26,20110526,USD,EUR,0.7073,2018-04-02 19:42:09.217
146,7,2011-05-27,20110527,USD,EUR,0.6984,2018-04-02 19:42:09.217
147,7,2011-05-28,20110528,USD,EUR,0.6984,2018-04-02 19:42:09.217
148,7,2011-05-29,20110529,USD,EUR,0.6984,2018-04-02 19:42:09.217
149,7,2011-05-30,20110530,USD,EUR,0.7000,2018-04-02 19:42:09.217
150,7,2011-05-31,20110531,USD,EUR,0.6947,2018-04-02 19:42:09.217
151,7,2011-06-01,20110601,USD,EUR,0.6980,2018-04-02 19:42:09.217
152,7,2011-06-02,20110602,USD,EUR,0.6901,2018-04-02 19:42:09.217
153,7,2011-06-03,20110603,USD,EUR,0.6832,2018-04-02 19:42:09.217
154,7,2011-06-04,20110604,USD,EUR,0.6832,2018-04-02 19:42:09.217
155,7,2011-06-05,20110605,USD,EUR,0.6832,2018-04-02 19:42:09.217
156,7,2011-06-06,20110606,USD,EUR,0.6860,2018-04-02 19:42:09.217
157,7,2011-06-07,20110607,USD,EUR,0.6810,2018-04-02 19:42:09.217
158,7,2011-06-08,20110608,USD,EUR,0.6859,2018-04-02 19:42:09.217
159,7,2011-06-09,20110609,USD,EUR,0.6891,2018-04-02 19:42:09.217
160,7,2011-06-10,20110610,USD,EUR,0.6970,2018-04-02 19:42:09.217
161,7,2011-06-11,20110611,USD,EUR,0.6970,2018-04-02 19:42:09.217
162,7,2011-06-12,20110612,USD,EUR,0.6970,2018-04-02 19:42:09.217
163,7,2011-06-13,20110613,USD,EUR,0.6936,2018-04-02 19:42:09.217
164,7,2011-06-14,20110614,USD,EUR,0.6924,2018-04-02 19:42:09.217
165,7,2011-06-15,20110615,USD,EUR,0.7060,2018-04-02 19:42:09.217
166,7,2011-06-16,20110616,USD,EUR,0.7034,2018-04-02 19:42:09.217
167,7,2011-06-17,20110617,USD,EUR,0.6993,2018-04-02 19:42:09.217
168,7,2011-06-18,20110618,USD,EUR,0.6993,2018-04-02 19:42:09.217
169,7,2011-06-19,20110619,USD,EUR,0.6993,2018-04-02 19:42:09.217
170,7,2011-06-20,20110620,USD,EUR,0.6989,2018-04-02 19:42:09.217
171,7,2011-06-21,20110621,USD,EUR,0.6950,2018-04-02 19:42:09.217
172,7,2011-06-22,20110622,USD,EUR,0.6974,2018-04-02 19:42:09.217
173,7,2011-06-23,20110623,USD,EUR,0.7011,2018-04-02 19:42:09.217
174,7,2011-06-24,20110624,USD,EUR,0.7047,2018-04-02 19:42:09.217
175,7,2011-06-25,20110625,USD,EUR,0.7047,2018-04-02 19:42:09.217
176,7,2011-06-26,20110626,USD,EUR,0.7047,2018-04-02 19:42:09.217
177,7,2011-06-27,20110627,USD,EUR,0.6999,2018-04-02 19:42:09.217
178,7,2011-06-28,20110628,USD,EUR,0.6961,2018-04-02 19:42:09.217
179,7,2011-06-29,20110629,USD,EUR,0.6928,2018-04-02 19:42:09.217
180,7,2011-06-30,20110630,USD,EUR,0.6898,2018-04-02 19:42:09.217
181,7,2011-07-01,20110701,USD,EUR,0.6883,2018-04-02 19:42:09.217
182,7,2011-07-02,20110702,USD,EUR,0.6883,2018-04-02 19:42:09.217
183,7,2011-07-03,20110703,USD,EUR,0.6883,2018-04-02 19:42:09.217
184,7,2011-07-04,20110704,USD,EUR,0.6877,2018-04-02 19:42:09.217
185,7,2011-07-05,20110705,USD,EUR,0.6934,2018-04-02 19:42:09.217
186,7,2011-07-06,20110706,USD,EUR,0.6984,2018-04-02 19:42:09.217
187,7,2011-07-07,20110707,USD,EUR,0.6964,2018-04-02 19:42:09.217
188,7,2011-07-08,20110708,USD,EUR,0.7009,2018-04-02 19:42:09.217
189,7,2011-07-09,20110709,USD,EUR,0.7009,2018-04-02 19:42:09.217
190,7,2011-07-10,20110710,USD,EUR,0.7009,2018-04-02 19:42:09.217
191,7,2011-07-11,20110711,USD,EUR,0.7118,2018-04-02 19:42:09.217
192,7,2011-07-12,20110712,USD,EUR,0.7157,2018-04-02 19:42:09.217
193,7,2011-07-13,20110713,USD,EUR,0.7042,2018-04-02 19:42:09.217
194,7,2011-07-14,20110714,USD,EUR,0.7070,2018-04-02 19:42:09.217
195,7,2011-07-15,20110715,USD,EUR,0.7066,2018-04-02 19:42:09.217
196,7,2011-07-16,20110716,USD,EUR,0.7066,2018-04-02 19:42:09.217
197,7,2011-07-17,20110717,USD,EUR,0.7066,2018-04-02 19:42:09.217
198,7,2011-07-18,20110718,USD,EUR,0.7090,2018-04-02 19:42:09.217
199,7,2011-07-19,20110719,USD,EUR,0.7065,2018-04-02 19:42:09.217
200,7,2011-07-20,20110720,USD,EUR,0.7031,2018-04-02 19:42:09.217
201,7,2011-07-21,20110721,USD,EUR,0.6934,2018-04-02 19:42:09.217
202,7,2011-07-22,20110722,USD,EUR,0.6965,2018-04-02 19:42:09.217
203,7,2011-07-23,20110723,USD,EUR,0.6965,2018-04-02 19:42:09.217
204,7,2011-07-24,20110724,USD,EUR,0.6965,2018-04-02 19:42:09.217
205,7,2011-07-25,20110725,USD,EUR,0.6955,2018-04-02 19:42:09.217
206,7,2011-07-26,20110726,USD,EUR,0.6889,2018-04-02 19:42:09.217
207,7,2011-07-27,20110727,USD,EUR,0.6958,2018-04-02 19:42:09.217
208,7,2011-07-28,20110728,USD,EUR,0.6979,2018-04-02 19:42:09.217
209,7,2011-07-29,20110729,USD,EUR,0.6946,2018-04-02 19:42:09.217
210,7,2011-07-30,20110730,USD,EUR,0.6946,2018-04-02 19:42:09.217
211,7,2011-07-31,20110731,USD,EUR,0.6946,2018-04-02 19:42:09.217
212,7,2011-08-01,20110801,USD,EUR,0.7013,2018-04-02 19:42:09.217
213,7,2011-08-02,20110802,USD,EUR,0.7050,2018-04-02 19:42:09.217
214,7,2011-08-03,20110803,USD,EUR,0.6976,2018-04-02 19:42:09.217
215,7,2011-08-04,20110804,USD,EUR,0.7092,2018-04-02 19:42:09.217
216,7,2011-08-05,20110805,USD,EUR,0.7002,2018-04-02 19:42:09.217
217,7,2011-08-06,20110806,USD,EUR,0.7002,2018-04-02 19:42:09.217
218,7,2011-08-07,20110807,USD,EUR,0.7002,2018-04-02 19:42:09.217
219,7,2011-08-08,20110808,USD,EUR,0.7059,2018-04-02 19:42:09.217
220,7,2011-08-09,20110809,USD,EUR,0.6948,2018-04-02 19:42:09.217
221,7,2011-08-10,20110810,USD,EUR,0.7060,2018-04-02 19:42:09.217
222,7,2011-08-11,20110811,USD,EUR,0.7022,2018-04-02 19:42:09.217
223,7,2011-08-12,20110812,USD,EUR,0.7018,2018-04-02 19:42:09.217
224,7,2011-08-13,20110813,USD,EUR,0.7018,2018-04-02 19:42:09.217
225,7,2011-08-14,20110814,USD,EUR,0.7018,2018-04-02 19:42:09.217
226,7,2011-08-15,20110815,USD,EUR,0.6921,2018-04-02 19:42:09.217
227,7,2011-08-16,20110816,USD,EUR,0.6943,2018-04-02 19:42:09.217
228,7,2011-08-17,20110817,USD,EUR,0.6932,2018-04-02 19:42:09.217
229,7,2011-08-18,20110818,USD,EUR,0.6980,2018-04-02 19:42:09.217
230,7,2011-08-19,20110819,USD,EUR,0.6945,2018-04-02 19:42:09.217
231,7,2011-08-20,20110820,USD,EUR,0.6945,2018-04-02 19:42:09.217
232,7,2011-08-21,20110821,USD,EUR,0.6945,2018-04-02 19:42:09.217
233,7,2011-08-22,20110822,USD,EUR,0.6965,2018-04-02 19:42:09.217
234,7,2011-08-23,20110823,USD,EUR,0.6928,2018-04-02 19:42:09.217
235,7,2011-08-24,20110824,USD,EUR,0.6939,2018-04-02 19:42:09.217
236,7,2011-08-25,20110825,USD,EUR,0.6958,2018-04-02 19:42:09.217
237,7,2011-08-26,20110826,USD,EUR,0.6898,2018-04-02 19:42:09.217
238,7,2011-08-27,20110827,USD,EUR,0.6898,2018-04-02 19:42:09.217
239,7,2011-08-28,20110828,USD,EUR,0.6898,2018-04-02 19:42:09.217
240,7,2011-08-29,20110829,USD,EUR,0.6890,2018-04-02 19:42:09.217
241,7,2011-08-30,20110830,USD,EUR,0.6927,2018-04-02 19:42:09.217
242,7,2011-08-31,20110831,USD,EUR,0.6954,2018-04-02 19:42:09.217
243,7,2011-09-01,20110901,USD,EUR,0.7013,2018-04-02 19:42:09.217
244,7,2011-09-02,20110902,USD,EUR,0.7038,2018-04-02 19:42:09.217
245,7,2011-09-03,20110903,USD,EUR,0.7038,2018-04-02 19:42:09.217
246,7,2011-09-04,20110904,USD,EUR,0.7038,2018-04-02 19:42:09.217
247,7,2011-09-05,20110905,USD,EUR,0.7094,2018-04-02 19:42:09.217
248,7,2011-09-06,20110906,USD,EUR,0.7143,2018-04-02 19:42:09.217
249,7,2011-09-07,20110907,USD,EUR,0.7095,2018-04-02 19:42:09.217
250,7,2011-09-08,20110908,USD,EUR,0.7203,2018-04-02 19:42:09.217
251,7,2011-09-09,20110909,USD,EUR,0.7322,2018-04-02 19:42:09.217
252,7,2011-09-10,20110910,USD,EUR,0.7322,2018-04-02 19:42:09.217
253,7,2011-09-11,20110911,USD,EUR,0.7322,2018-04-02 19:42:09.217
254,7,2011-09-12,20110912,USD,EUR,0.7320,2018-04-02 19:42:09.217
255,7,2011-09-13,20110913,USD,EUR,0.7308,2018-04-02 19:42:09.217
256,7,2011-09-14,20110914,USD,EUR,0.7276,2018-04-02 19:42:09.217
257,7,2011-09-15,20110915,USD,EUR,0.7203,2018-04-02 19:42:09.217
258,7,2011-09-16,20110916,USD,EUR,0.7249,2018-04-02 19:42:09.217
259,7,2011-09-17,20110917,USD,EUR,0.7249,2018-04-02 19:42:09.217
260,7,2011-09-18,20110918,USD,EUR,0.7249,2018-04-02 19:42:09.217
261,7,2011-09-19,20110919,USD,EUR,0.7312,2018-04-02 19:42:09.217
262,7,2011-09-20,20110920,USD,EUR,0.7299,2018-04-02 19:42:09.217
263,7,2011-09-21,20110921,USD,EUR,0.7361,2018-04-02 19:42:09.217
264,7,2011-09-22,20110922,USD,EUR,0.7430,2018-04-02 19:42:09.217
265,7,2011-09-23,20110923,USD,EUR,0.7412,2018-04-02 19:42:09.217
266,7,2011-09-24,20110924,USD,EUR,0.7412,2018-04-02 19:42:09.217
267,7,2011-09-25,20110925,USD,EUR,0.7412,2018-04-02 19:42:09.217
268,7,2011-09-26,20110926,USD,EUR,0.7392,2018-04-02 19:42:09.217
269,7,2011-09-27,20110927,USD,EUR,0.7360,2018-04-02 19:42:09.217
270,7,2011-09-28,20110928,USD,EUR,0.7393,2018-04-02 19:42:09.217
271,7,2011-09-29,20110929,USD,EUR,0.7363,2018-04-02 19:42:09.217
272,7,2011-09-30,20110930,USD,EUR,0.7470,2018-04-02 19:42:09.217
273,7,2011-10-01,20111001,USD,EUR,0.7470,2018-04-02 19:42:09.217
274,7,2011-10-02,20111002,USD,EUR,0.7470,2018-04-02 19:42:09.217
275,7,2011-10-03,20111003,USD,EUR,0.7584,2018-04-02 19:42:09.217
276,7,2011-10-04,20111004,USD,EUR,0.7496,2018-04-02 19:42:09.217
277,7,2011-10-05,20111005,USD,EUR,0.7491,2018-04-02 19:42:09.217
278,7,2011-10-06,20111006,USD,EUR,0.7446,2018-04-02 19:42:09.217
279,7,2011-10-07,20111007,USD,EUR,0.7473,2018-04-02 19:42:09.217
280,7,2011-10-08,20111008,USD,EUR,0.7473,2018-04-02 19:42:09.217
281,7,2011-10-09,20111009,USD,EUR,0.7473,2018-04-02 19:42:09.217
282,7,2011-10-10,20111010,USD,EUR,0.7334,2018-04-02 19:42:09.217
283,7,2011-10-11,20111011,USD,EUR,0.7326,2018-04-02 19:42:09.217
284,7,2011-10-12,20111012,USD,EUR,0.7256,2018-04-02 19:42:09.217
285,7,2011-10-13,20111013,USD,EUR,0.7259,2018-04-02 19:42:09.217
286,7,2011-10-14,20111014,USD,EUR,0.7206,2018-04-02 19:42:09.217
287,7,2011-10-15,20111015,USD,EUR,0.7206,2018-04-02 19:42:09.217
288,7,2011-10-16,20111016,USD,EUR,0.7206,2018-04-02 19:42:09.217
289,7,2011-10-17,20111017,USD,EUR,0.7281,2018-04-02 19:42:09.217
290,7,2011-10-18,20111018,USD,EUR,0.7281,2018-04-02 19:42:09.217
291,7,2011-10-19,20111019,USD,EUR,0.7268,2018-04-02 19:42:09.217
292,7,2011-10-20,20111020,USD,EUR,0.7260,2018-04-02 19:42:09.217
293,7,2011-10-21,20111021,USD,EUR,0.7197,2018-04-02 19:42:09.217
294,7,2011-10-22,20111022,USD,EUR,0.7197,2018-04-02 19:42:09.217
295,7,2011-10-23,20111023,USD,EUR,0.7197,2018-04-02 19:42:09.217
296,7,2011-10-24,20111024,USD,EUR,0.7178,2018-04-02 19:42:09.217
297,7,2011-10-25,20111025,USD,EUR,0.7190,2018-04-02 19:42:09.217
298,7,2011-10-26,20111026,USD,EUR,0.7198,2018-04-02 19:42:09.217
299,7,2011-10-27,20111027,USD,EUR,0.7051,2018-04-02 19:42:09.217
300,7,2011-10-28,20111028,USD,EUR,0.7068,2018-04-02 19:42:09.217
301,7,2011-10-29,20111029,USD,EUR,0.7068,2018-04-02 19:42:09.217
302,7,2011-10-30,20111030,USD,EUR,0.7068,2018-04-02 19:42:09.217
303,7,2011-10-31,20111031,USD,EUR,0.7222,2018-04-02 19:42:09.217
304,7,2011-11-01,20111101,USD,EUR,0.7311,2018-04-02 19:42:09.217
305,7,2011-11-02,20111102,USD,EUR,0.7289,2018-04-02 19:42:09.217
306,7,2011-11-03,20111103,USD,EUR,0.7240,2018-04-02 19:42:09.217
307,7,2011-11-04,20111104,USD,EUR,0.7251,2018-04-02 19:42:09.217
308,7,2011-11-05,20111105,USD,EUR,0.7251,2018-04-02 19:42:09.217
309,7,2011-11-06,20111106,USD,EUR,0.7251,2018-04-02 19:42:09.217
310,7,2011-11-07,20111107,USD,EUR,0.7263,2018-04-02 19:42:09.217
311,7,2011-11-08,20111108,USD,EUR,0.7229,2018-04-02 19:42:09.217
312,7,2011-11-09,20111109,USD,EUR,0.7392,2018-04-02 19:42:09.217
313,7,2011-11-10,20111110,USD,EUR,0.7349,2018-04-02 19:42:09.217
314,7,2011-11-11,20111111,USD,EUR,0.7272,2018-04-02 19:42:09.217
315,7,2011-11-12,20111112,USD,EUR,0.7272,2018-04-02 19:42:09.217
316,7,2011-11-13,20111113,USD,EUR,0.7272,2018-04-02 19:42:09.217
317,7,2011-11-14,20111114,USD,EUR,0.7342,2018-04-02 19:42:09.217
318,7,2011-11-15,20111115,USD,EUR,0.7394,2018-04-02 19:42:09.217
319,7,2011-11-16,20111116,USD,EUR,0.7433,2018-04-02 19:42:09.217
320,7,2011-11-17,20111117,USD,EUR,0.7427,2018-04-02 19:42:09.217
321,7,2011-11-18,20111118,USD,EUR,0.7394,2018-04-02 19:42:09.217
322,7,2011-11-19,20111119,USD,EUR,0.7394,2018-04-02 19:42:09.217
323,7,2011-11-20,20111120,USD,EUR,0.7394,2018-04-02 19:42:09.217
324,7,2011-11-21,20111121,USD,EUR,0.7413,2018-04-02 19:42:09.217
325,7,2011-11-22,20111122,USD,EUR,0.7400,2018-04-02 19:42:09.217
326,7,2011-11-23,20111123,USD,EUR,0.7493,2018-04-02 19:42:09.217
327,7,2011-11-24,20111124,USD,EUR,0.7493,2018-04-02 19:42:09.217
328,7,2011-11-25,20111125,USD,EUR,0.7558,2018-04-02 19:42:09.217
329,7,2011-11-26,20111126,USD,EUR,0.7558,2018-04-02 19:42:09.217
330,7,2011-11-27,20111127,USD,EUR,0.7558,2018-04-02 19:42:09.217
331,7,2011-11-28,20111128,USD,EUR,0.7511,2018-04-02 19:42:09.217
332,7,2011-11-29,20111129,USD,EUR,0.7500,2018-04-02 19:42:09.217
333,7,2011-11-30,20111130,USD,EUR,0.7442,2018-04-02 19:42:09.217
334,7,2011-12-01,20111201,USD,EUR,0.7427,2018-04-02 19:42:09.217
335,7,2011-12-02,20111202,USD,EUR,0.7469,2018-04-02 19:42:09.217
336,7,2011-12-03,20111203,USD,EUR,0.7469,2018-04-02 19:42:09.217
337,7,2011-12-04,20111204,USD,EUR,0.7469,2018-04-02 19:42:09.217
338,7,2011-12-05,20111205,USD,EUR,0.7464,2018-04-02 19:42:09.217
339,7,2011-12-06,20111206,USD,EUR,0.7459,2018-04-02 19:42:09.217
340,7,2011-12-07,20111207,USD,EUR,0.7455,2018-04-02 19:42:09.217
341,7,2011-12-08,20111208,USD,EUR,0.7493,2018-04-02 19:42:09.217
342,7,2011-12-09,20111209,USD,EUR,0.7470,2018-04-02 19:42:09.217
343,7,2011-12-10,20111210,USD,EUR,0.7470,2018-04-02 19:42:09.217
344,7,2011-12-11,20111211,USD,EUR,0.7470,2018-04-02 19:42:09.217
345,7,2011-12-12,20111212,USD,EUR,0.7592,2018-04-02 19:42:09.217
346,7,2011-12-13,20111213,USD,EUR,0.7672,2018-04-02 19:42:09.217
347,7,2011-12-14,20111214,USD,EUR,0.7702,2018-04-02 19:42:09.217
348,7,2011-12-15,20111215,USD,EUR,0.7682,2018-04-02 19:42:09.217
349,7,2011-12-16,20111216,USD,EUR,0.7667,2018-04-02 19:42:09.217
350,7,2011-12-17,20111217,USD,EUR,0.7667,2018-04-02 19:42:09.217
351,7,2011-12-18,20111218,USD,EUR,0.7667,2018-04-02 19:42:09.217
352,7,2011-12-19,20111219,USD,EUR,0.7694,2018-04-02 19:42:09.217
353,7,2011-12-20,20111220,USD,EUR,0.7644,2018-04-02 19:42:09.217
354,7,2011-12-21,20111221,USD,EUR,0.7665,2018-04-02 19:42:09.217
355,7,2011-12-22,20111222,USD,EUR,0.7662,2018-04-02 19:42:09.217
356,7,2011-12-23,20111223,USD,EUR,0.7664,2018-04-02 19:42:09.217
357,7,2011-12-24,20111224,USD,EUR,0.7664,2018-04-02 19:42:09.217
358,7,2011-12-25,20111225,USD,EUR,0.7664,2018-04-02 19:42:09.217
359,7,2011-12-26,20111226,USD,EUR,0.7660,2018-04-02 19:42:09.217
360,7,2011-12-27,20111227,USD,EUR,0.7652,2018-04-02 19:42:09.217
361,7,2011-12-28,20111228,USD,EUR,0.7729,2018-04-02 19:42:09.217
362,7,2011-12-29,20111229,USD,EUR,0.7721,2018-04-02 19:42:09.217
363,7,2011-12-30,20111230,USD,EUR,0.7721,2018-04-02 19:42:09.217
364,7,2011-12-31,20111231,USD,EUR,0.7721,2018-04-02 19:42:09.217
365,7,2012-01-01,20120101,USD,EUR,0.7721,2018-04-02 19:42:09.217
366,7,2012-01-02,20120102,USD,EUR,0.7730,2018-04-02 19:42:09.217
367,7,2012-01-03,20120103,USD,EUR,0.7661,2018-04-02 19:42:09.217
368,7,2012-01-04,20120104,USD,EUR,0.7729,2018-04-02 19:42:09.217
369,7,2012-01-05,20120105,USD,EUR,0.7817,2018-04-02 19:42:09.217
370,7,2012-01-06,20120106,USD,EUR,0.7859,2018-04-02 19:42:09.217
371,7,2012-01-07,20120107,USD,EUR,0.7859,2018-04-02 19:42:09.217
372,7,2012-01-08,20120108,USD,EUR,0.7859,2018-04-02 19:42:09.217
373,7,2012-01-09,20120109,USD,EUR,0.7834,2018-04-02 19:42:09.217
374,7,2012-01-10,20120110,USD,EUR,0.7826,2018-04-02 19:42:09.217
375,7,2012-01-11,20120111,USD,EUR,0.7869,2018-04-02 19:42:09.217
376,7,2012-01-12,20120112,USD,EUR,0.7803,2018-04-02 19:42:09.217
377,7,2012-01-13,20120113,USD,EUR,0.7887,2018-04-02 19:42:09.217
378,7,2012-01-14,20120114,USD,EUR,0.7887,2018-04-02 19:42:09.217
379,7,2012-01-15,20120115,USD,EUR,0.7887,2018-04-02 19:42:09.217
380,7,2012-01-16,20120116,USD,EUR,0.7901,2018-04-02 19:42:09.217
381,7,2012-01-17,20120117,USD,EUR,0.7848,2018-04-02 19:42:09.217
382,7,2012-01-18,20120118,USD,EUR,0.7780,2018-04-02 19:42:09.217
383,7,2012-01-19,20120119,USD,EUR,0.7712,2018-04-02 19:42:09.217
384,7,2012-01-20,20120120,USD,EUR,0.7731,2018-04-02 19:42:09.217
385,7,2012-01-21,20120121,USD,EUR,0.7731,2018-04-02 19:42:09.217
386,7,2012-01-22,20120122,USD,EUR,0.7731,2018-04-02 19:42:09.217
387,7,2012-01-23,20120123,USD,EUR,0.7681,2018-04-02 19:42:09.217
388,7,2012-01-24,20120124,USD,EUR,0.7674,2018-04-02 19:42:09.217
389,7,2012-01-25,20120125,USD,EUR,0.7632,2018-04-02 19:42:09.217
390,7,2012-01-26,20120126,USD,EUR,0.7630,2018-04-02 19:42:09.217
391,7,2012-01-27,20120127,USD,EUR,0.7564,2018-04-02 19:42:09.217
392,7,2012-01-28,20120128,USD,EUR,0.7564,2018-04-02 19:42:09.217
393,7,2012-01-29,20120129,USD,EUR,0.7564,2018-04-02 19:42:09.217
394,7,2012-01-30,20120130,USD,EUR,0.7611,2018-04-02 19:42:09.217
395,7,2012-01-31,20120131,USD,EUR,0.7640,2018-04-02 19:42:09.217
396,7,2012-02-01,20120201,USD,EUR,0.7591,2018-04-02 19:42:09.217
397,7,2012-02-02,20120202,USD,EUR,0.7607,2018-04-02 19:42:09.217
398,7,2012-02-03,20120203,USD,EUR,0.7599,2018-04-02 19:42:09.217
399,7,2012-02-04,20120204,USD,EUR,0.7599,2018-04-02 19:42:09.217
400,7,2012-02-05,20120205,USD,EUR,0.7599,2018-04-02 19:42:09.217
401,7,2012-02-06,20120206,USD,EUR,0.7620,2018-04-02 19:42:09.217
402,7,2012-02-07,20120207,USD,EUR,0.7542,2018-04-02 19:42:09.217
403,7,2012-02-08,20120208,USD,EUR,0.7545,2018-04-02 19:42:09.217
404,7,2012-02-09,20120209,USD,EUR,0.7527,2018-04-02 19:42:09.217
405,7,2012-02-10,20120210,USD,EUR,0.7577,2018-04-02 19:42:09.217
406,7,2012-02-11,20120211,USD,EUR,0.7577,2018-04-02 19:42:09.217
407,7,2012-02-12,20120212,USD,EUR,0.7577,2018-04-02 19:42:09.217
408,7,2012-02-13,20120213,USD,EUR,0.7593,2018-04-02 19:42:09.217
409,7,2012-02-14,20120214,USD,EUR,0.7617,2018-04-02 19:42:09.217
410,7,2012-02-15,20120215,USD,EUR,0.7658,2018-04-02 19:42:09.217
411,7,2012-02-16,20120216,USD,EUR,0.7614,2018-04-02 19:42:09.217
412,7,2012-02-17,20120217,USD,EUR,0.7606,2018-04-02 19:42:09.217
413,7,2012-02-18,20120218,USD,EUR,0.7606,2018-04-02 19:42:09.217
414,7,2012-02-19,20120219,USD,EUR,0.7606,2018-04-02 19:42:09.217
415,7,2012-02-20,20120220,USD,EUR,0.7553,2018-04-02 19:42:09.217
416,7,2012-02-21,20120221,USD,EUR,0.7556,2018-04-02 19:42:09.217
417,7,2012-02-22,20120222,USD,EUR,0.7550,2018-04-02 19:42:09.217
418,7,2012-02-23,20120223,USD,EUR,0.7477,2018-04-02 19:42:09.217
419,7,2012-02-24,20120224,USD,EUR,0.7436,2018-04-02 19:42:09.217
420,7,2012-02-25,20120225,USD,EUR,0.7436,2018-04-02 19:42:09.217
421,7,2012-02-26,20120226,USD,EUR,0.7423,2018-04-02 19:42:09.217
422,7,2012-02-27,20120227,USD,EUR,0.7466,2018-04-02 19:42:09.217
423,7,2012-02-28,20120228,USD,EUR,0.7428,2018-04-02 19:42:09.217
424,7,2012-02-29,20120229,USD,EUR,0.7505,2018-04-02 19:42:09.217
425,7,2012-03-01,20120301,USD,EUR,0.7509,2018-04-02 19:42:09.217
426,7,2012-03-02,20120302,USD,EUR,0.7578,2018-04-02 19:42:09.233
427,7,2012-03-03,20120303,USD,EUR,0.7578,2018-04-02 19:42:09.233
428,7,2012-03-04,20120304,USD,EUR,0.7578,2018-04-02 19:42:09.233
429,7,2012-03-05,20120305,USD,EUR,0.7567,2018-04-02 19:42:09.233
430,7,2012-03-06,20120306,USD,EUR,0.7623,2018-04-02 19:42:09.233
431,7,2012-03-07,20120307,USD,EUR,0.7604,2018-04-02 19:42:09.233
432,7,2012-03-08,20120308,USD,EUR,0.7534,2018-04-02 19:42:09.233
433,7,2012-03-09,20120309,USD,EUR,0.7620,2018-04-02 19:42:09.233
434,7,2012-03-10,20120310,USD,EUR,0.7620,2018-04-02 19:42:09.233
435,7,2012-03-11,20120311,USD,EUR,0.7624,2018-04-02 19:42:09.233
436,7,2012-03-12,20120312,USD,EUR,0.7601,2018-04-02 19:42:09.233
437,7,2012-03-13,20120313,USD,EUR,0.7644,2018-04-02 19:42:09.233
438,7,2012-03-14,20120314,USD,EUR,0.7673,2018-04-02 19:42:09.233
439,7,2012-03-15,20120315,USD,EUR,0.7647,2018-04-02 19:42:09.233
440,7,2012-03-16,20120316,USD,EUR,0.7590,2018-04-02 19:42:09.233
441,7,2012-03-17,20120317,USD,EUR,0.7590,2018-04-02 19:42:09.233
442,7,2012-03-18,20120318,USD,EUR,0.7585,2018-04-02 19:42:09.233
443,7,2012-03-19,20120319,USD,EUR,0.7556,2018-04-02 19:42:09.233
444,7,2012-03-20,20120320,USD,EUR,0.7559,2018-04-02 19:42:09.233
445,7,2012-03-21,20120321,USD,EUR,0.7568,2018-04-02 19:42:09.233
446,7,2012-03-22,20120322,USD,EUR,0.7577,2018-04-02 19:42:09.233
447,7,2012-03-23,20120323,USD,EUR,0.7535,2018-04-02 19:42:09.233
448,7,2012-03-24,20120324,USD,EUR,0.7535,2018-04-02 19:42:09.233
449,7,2012-03-25,20120325,USD,EUR,0.7532,2018-04-02 19:42:09.233
450,7,2012-03-26,20120326,USD,EUR,0.7487,2018-04-02 19:42:09.233
451,7,2012-03-27,20120327,USD,EUR,0.7508,2018-04-02 19:42:09.233
452,7,2012-03-28,20120328,USD,EUR,0.7511,2018-04-02 19:42:09.233
453,7,2012-03-29,20120329,USD,EUR,0.7518,2018-04-02 19:42:09.233
454,7,2012-03-30,20120330,USD,EUR,0.7496,2018-04-02 19:42:09.233
455,7,2012-03-31,20120331,USD,EUR,0.7496,2018-04-02 19:42:09.233
456,7,2012-04-01,20120401,USD,EUR,0.7496,2018-04-02 19:42:09.233
457,7,2012-04-02,20120402,USD,EUR,0.7509,2018-04-02 19:42:09.233
458,7,2012-04-03,20120403,USD,EUR,0.7556,2018-04-02 19:42:09.233
459,7,2012-04-04,20120404,USD,EUR,0.7610,2018-04-02 19:42:09.233
460,7,2012-04-05,20120405,USD,EUR,0.7654,2018-04-02 19:42:09.233
461,7,2012-04-06,20120406,USD,EUR,0.7636,2018-04-02 19:42:09.233
462,7,2012-04-07,20120407,USD,EUR,0.7636,2018-04-02 19:42:09.233
463,7,2012-04-08,20120408,USD,EUR,0.7636,2018-04-02 19:42:09.233
464,7,2012-04-09,20120409,USD,EUR,0.7628,2018-04-02 19:42:09.233
465,7,2012-04-10,20120410,USD,EUR,0.7644,2018-04-02 19:42:09.233
466,7,2012-04-11,20120411,USD,EUR,0.7628,2018-04-02 19:42:09.233
467,7,2012-04-12,20120412,USD,EUR,0.7583,2018-04-02 19:42:09.233
468,7,2012-04-13,20120413,USD,EUR,0.7647,2018-04-02 19:42:09.233
469,7,2012-04-14,20120414,USD,EUR,0.7647,2018-04-02 19:42:09.233
470,7,2012-04-15,20120415,USD,EUR,0.7647,2018-04-02 19:42:09.233
471,7,2012-04-16,20120416,USD,EUR,0.7614,2018-04-02 19:42:09.233
472,7,2012-04-17,20120417,USD,EUR,0.7618,2018-04-02 19:42:09.233
473,7,2012-04-18,20120418,USD,EUR,0.7621,2018-04-02 19:42:09.233
474,7,2012-04-19,20120419,USD,EUR,0.7613,2018-04-02 19:42:09.233
475,7,2012-04-20,20120420,USD,EUR,0.7564,2018-04-02 19:42:09.233
476,7,2012-04-21,20120421,USD,EUR,0.7564,2018-04-02 19:42:09.233
477,7,2012-04-22,20120422,USD,EUR,0.7564,2018-04-02 19:42:09.233
478,7,2012-04-23,20120423,USD,EUR,0.7600,2018-04-02 19:42:09.233
479,7,2012-04-24,20120424,USD,EUR,0.7579,2018-04-02 19:42:09.233
480,7,2012-04-25,20120425,USD,EUR,0.7563,2018-04-02 19:42:09.233
481,7,2012-04-26,20120426,USD,EUR,0.7581,2018-04-02 19:42:09.233
482,7,2012-04-27,20120427,USD,EUR,0.7547,2018-04-02 19:42:09.233
483,7,2012-04-28,20120428,USD,EUR,0.7547,2018-04-02 19:42:09.233
484,7,2012-04-29,20120429,USD,EUR,0.7547,2018-04-02 19:42:09.233
485,7,2012-04-30,20120430,USD,EUR,0.7551,2018-04-02 19:42:09.233
486,7,2012-05-01,20120501,USD,EUR,0.7554,2018-04-02 19:42:09.233
487,7,2012-05-02,20120502,USD,EUR,0.7603,2018-04-02 19:42:09.233
488,7,2012-05-03,20120503,USD,EUR,0.7603,2018-04-02 19:42:09.233
489,7,2012-05-04,20120504,USD,EUR,0.7643,2018-04-02 19:42:09.233
490,7,2012-05-05,20120505,USD,EUR,0.7643,2018-04-02 19:42:09.233
491,7,2012-05-06,20120506,USD,EUR,0.7643,2018-04-02 19:42:09.233
492,7,2012-05-07,20120507,USD,EUR,0.7658,2018-04-02 19:42:09.233
493,7,2012-05-08,20120508,USD,EUR,0.7692,2018-04-02 19:42:09.233
494,7,2012-05-09,20120509,USD,EUR,0.7732,2018-04-02 19:42:09.233
495,7,2012-05-10,20120510,USD,EUR,0.7733,2018-04-02 19:42:09.233
496,7,2012-05-11,20120511,USD,EUR,0.7739,2018-04-02 19:42:09.233
497,7,2012-05-12,20120512,USD,EUR,0.7739,2018-04-02 19:42:09.233
498,7,2012-05-13,20120513,USD,EUR,0.7739,2018-04-02 19:42:09.233
499,7,2012-05-14,20120514,USD,EUR,0.7796,2018-04-02 19:42:09.233
500,7,2012-05-15,20120515,USD,EUR,0.7853,2018-04-02 19:42:09.233
501,7,2012-05-16,20120516,USD,EUR,0.7863,2018-04-02 19:42:09.233
502,7,2012-05-17,20120517,USD,EUR,0.7882,2018-04-02 19:42:09.233
503,7,2012-05-18,20120518,USD,EUR,0.7836,2018-04-02 19:42:09.233
504,7,2012-05-19,20120519,USD,EUR,0.7836,2018-04-02 19:42:09.233
505,7,2012-05-20,20120520,USD,EUR,0.7836,2018-04-02 19:42:09.233
506,7,2012-05-21,20120521,USD,EUR,0.7807,2018-04-02 19:42:09.233
507,7,2012-05-22,20120522,USD,EUR,0.7884,2018-04-02 19:42:09.233
508,7,2012-05-23,20120523,USD,EUR,0.7944,2018-04-02 19:42:09.233
509,7,2012-05-24,20120524,USD,EUR,0.7975,2018-04-02 19:42:09.233
510,7,2012-05-25,20120525,USD,EUR,0.7990,2018-04-02 19:42:09.233
511,7,2012-05-26,20120526,USD,EUR,0.7990,2018-04-02 19:42:09.233
512,7,2012-05-27,20120527,USD,EUR,0.7990,2018-04-02 19:42:09.233
513,7,2012-05-28,20120528,USD,EUR,0.7974,2018-04-02 19:42:09.233
514,7,2012-05-29,20120529,USD,EUR,0.8008,2018-04-02 19:42:09.233
515,7,2012-05-30,20120530,USD,EUR,0.8084,2018-04-02 19:42:09.233
516,7,2012-05-31,20120531,USD,EUR,0.8090,2018-04-02 19:42:09.233
517,7,2012-06-01,20120601,USD,EUR,0.8042,2018-04-02 19:42:09.233
518,7,2012-06-02,20120602,USD,EUR,0.8042,2018-04-02 19:42:09.233
519,7,2012-06-03,20120603,USD,EUR,0.8042,2018-04-02 19:42:09.233
520,7,2012-06-04,20120604,USD,EUR,0.8003,2018-04-02 19:42:09.233
521,7,2012-06-05,20120605,USD,EUR,0.8032,2018-04-02 19:42:09.233
522,7,2012-06-06,20120606,USD,EUR,0.7950,2018-04-02 19:42:09.233
523,7,2012-06-07,20120607,USD,EUR,0.7960,2018-04-02 19:42:09.233
524,7,2012-06-08,20120608,USD,EUR,0.7996,2018-04-02 19:42:09.233
525,7,2012-06-09,20120609,USD,EUR,0.7996,2018-04-02 19:42:09.233
526,7,2012-06-10,20120610,USD,EUR,0.7996,2018-04-02 19:42:09.233
527,7,2012-06-11,20120611,USD,EUR,0.8021,2018-04-02 19:42:09.233
528,7,2012-06-12,20120612,USD,EUR,0.7996,2018-04-02 19:42:09.233
529,7,2012-06-13,20120613,USD,EUR,0.7958,2018-04-02 19:42:09.233
530,7,2012-06-14,20120614,USD,EUR,0.7919,2018-04-02 19:42:09.233
531,7,2012-06-15,20120615,USD,EUR,0.7913,2018-04-02 19:42:09.233
532,7,2012-06-16,20120616,USD,EUR,0.7913,2018-04-02 19:42:09.233
533,7,2012-06-17,20120617,USD,EUR,0.7913,2018-04-02 19:42:09.233
534,7,2012-06-18,20120618,USD,EUR,0.7951,2018-04-02 19:42:09.233
535,7,2012-06-19,20120619,USD,EUR,0.7881,2018-04-02 19:42:09.233
536,7,2012-06-20,20120620,USD,EUR,0.7872,2018-04-02 19:42:09.233
537,7,2012-06-21,20120621,USD,EUR,0.7969,2018-04-02 19:42:09.233
538,7,2012-06-22,20120622,USD,EUR,0.7955,2018-04-02 19:42:09.233
539,7,2012-06-23,20120623,USD,EUR,0.7955,2018-04-02 19:42:09.233
540,7,2012-06-24,20120624,USD,EUR,0.7955,2018-04-02 19:42:09.233
541,7,2012-06-25,20120625,USD,EUR,0.7999,2018-04-02 19:42:09.233
542,7,2012-06-26,20120626,USD,EUR,0.8005,2018-04-02 19:42:09.233
543,7,2012-06-27,20120627,USD,EUR,0.8020,2018-04-02 19:42:09.233
544,7,2012-06-28,20120628,USD,EUR,0.8039,2018-04-02 19:42:09.233
545,7,2012-06-29,20120629,USD,EUR,0.7897,2018-04-02 19:42:09.233
546,7,2012-06-30,20120630,USD,EUR,0.7897,2018-04-02 19:42:09.233
547,7,2012-07-01,20120701,USD,EUR,0.7897,2018-04-02 19:42:09.233
548,7,2012-07-02,20120702,USD,EUR,0.7947,2018-04-02 19:42:09.233
549,7,2012-07-03,20120703,USD,EUR,0.7932,2018-04-02 19:42:09.233
550,7,2012-07-04,20120704,USD,EUR,0.7982,2018-04-02 19:42:09.233
551,7,2012-07-05,20120705,USD,EUR,0.8071,2018-04-02 19:42:09.233
552,7,2012-07-06,20120706,USD,EUR,0.8138,2018-04-02 19:42:09.233
553,7,2012-07-07,20120707,USD,EUR,0.8138,2018-04-02 19:42:09.233
554,7,2012-07-08,20120708,USD,EUR,0.8138,2018-04-02 19:42:09.233
555,7,2012-07-09,20120709,USD,EUR,0.8121,2018-04-02 19:42:09.233
556,7,2012-07-10,20120710,USD,EUR,0.8161,2018-04-02 19:42:09.233
557,7,2012-07-11,20120711,USD,EUR,0.8171,2018-04-02 19:42:09.233
558,7,2012-07-12,20120712,USD,EUR,0.8198,2018-04-02 19:42:09.233
559,7,2012-07-13,20120713,USD,EUR,0.8165,2018-04-02 19:42:09.233
560,7,2012-07-14,20120714,USD,EUR,0.8165,2018-04-02 19:42:09.233
561,7,2012-07-15,20120715,USD,EUR,0.8165,2018-04-02 19:42:09.233
562,7,2012-07-16,20120716,USD,EUR,0.8149,2018-04-02 19:42:09.233
563,7,2012-07-17,20120717,USD,EUR,0.8140,2018-04-02 19:42:09.233
564,7,2012-07-18,20120718,USD,EUR,0.8143,2018-04-02 19:42:09.233
565,7,2012-07-19,20120719,USD,EUR,0.8146,2018-04-02 19:42:09.233
566,7,2012-07-20,20120720,USD,EUR,0.8226,2018-04-02 19:42:09.233
567,7,2012-07-21,20120721,USD,EUR,0.8226,2018-04-02 19:42:09.233
568,7,2012-07-22,20120722,USD,EUR,0.8226,2018-04-02 19:42:09.233
569,7,2012-07-23,20120723,USD,EUR,0.8256,2018-04-02 19:42:09.233
570,7,2012-07-24,20120724,USD,EUR,0.8290,2018-04-02 19:42:09.233
571,7,2012-07-25,20120725,USD,EUR,0.8229,2018-04-02 19:42:09.233
572,7,2012-07-26,20120726,USD,EUR,0.8144,2018-04-02 19:42:09.233
573,7,2012-07-27,20120727,USD,EUR,0.8114,2018-04-02 19:42:09.233
574,7,2012-07-28,20120728,USD,EUR,0.8114,2018-04-02 19:42:09.233
575,7,2012-07-29,20120729,USD,EUR,0.8114,2018-04-02 19:42:09.233
576,7,2012-07-30,20120730,USD,EUR,0.8157,2018-04-02 19:42:09.233
577,7,2012-07-31,20120731,USD,EUR,0.8132,2018-04-02 19:42:09.233
578,7,2012-08-01,20120801,USD,EUR,0.8176,2018-04-02 19:42:09.233
579,7,2012-08-02,20120802,USD,EUR,0.8207,2018-04-02 19:42:09.233
580,7,2012-08-03,20120803,USD,EUR,0.8072,2018-04-02 19:42:09.233
581,7,2012-08-04,20120804,USD,EUR,0.8072,2018-04-02 19:42:09.233
582,7,2012-08-05,20120805,USD,EUR,0.8072,2018-04-02 19:42:09.233
583,7,2012-08-06,20120806,USD,EUR,0.8066,2018-04-02 19:42:09.233
584,7,2012-08-07,20120807,USD,EUR,0.8065,2018-04-02 19:42:09.233
585,7,2012-08-08,20120808,USD,EUR,0.8088,2018-04-02 19:42:09.233
586,7,2012-08-09,20120809,USD,EUR,0.8128,2018-04-02 19:42:09.233
587,7,2012-08-10,20120810,USD,EUR,0.8137,2018-04-02 19:42:09.233
588,7,2012-08-11,20120811,USD,EUR,0.8137,2018-04-02 19:42:09.233
589,7,2012-08-12,20120812,USD,EUR,0.8137,2018-04-02 19:42:09.233
590,7,2012-08-13,20120813,USD,EUR,0.8108,2018-04-02 19:42:09.233
591,7,2012-08-14,20120814,USD,EUR,0.8117,2018-04-02 19:42:09.233
592,7,2012-08-15,20120815,USD,EUR,0.8138,2018-04-02 19:42:09.233
593,7,2012-08-16,20120816,USD,EUR,0.8093,2018-04-02 19:42:09.233
594,7,2012-08-17,20120817,USD,EUR,0.8107,2018-04-02 19:42:09.233
595,7,2012-08-18,20120818,USD,EUR,0.8107,2018-04-02 19:42:09.233
596,7,2012-08-19,20120819,USD,EUR,0.8107,2018-04-02 19:42:09.233
597,7,2012-08-20,20120820,USD,EUR,0.8099,2018-04-02 19:42:09.233
598,7,2012-08-21,20120821,USD,EUR,0.8019,2018-04-02 19:42:09.233
599,7,2012-08-22,20120822,USD,EUR,0.7981,2018-04-02 19:42:09.233
600,7,2012-08-23,20120823,USD,EUR,0.7958,2018-04-02 19:42:09.233
601,7,2012-08-24,20120824,USD,EUR,0.7991,2018-04-02 19:42:09.233
602,7,2012-08-25,20120825,USD,EUR,0.7991,2018-04-02 19:42:09.233
603,7,2012-08-26,20120826,USD,EUR,0.7991,2018-04-02 19:42:09.233
604,7,2012-08-27,20120827,USD,EUR,0.8001,2018-04-02 19:42:09.233
605,7,2012-08-28,20120828,USD,EUR,0.7959,2018-04-02 19:42:09.233
606,7,2012-08-29,20120829,USD,EUR,0.7979,2018-04-02 19:42:09.233
607,7,2012-08-30,20120830,USD,EUR,0.7995,2018-04-02 19:42:09.233
608,7,2012-08-31,20120831,USD,EUR,0.7949,2018-04-02 19:42:09.233
609,7,2012-09-01,20120901,USD,EUR,0.7949,2018-04-02 19:42:09.233
610,7,2012-09-02,20120902,USD,EUR,0.7949,2018-04-02 19:42:09.233
611,7,2012-09-03,20120903,USD,EUR,0.7945,2018-04-02 19:42:09.233
612,7,2012-09-04,20120904,USD,EUR,0.7957,2018-04-02 19:42:09.233
613,7,2012-09-05,20120905,USD,EUR,0.7935,2018-04-02 19:42:09.233
614,7,2012-09-06,20120906,USD,EUR,0.7917,2018-04-02 19:42:09.233
615,7,2012-09-07,20120907,USD,EUR,0.7802,2018-04-02 19:42:09.233
616,7,2012-09-08,20120908,USD,EUR,0.7802,2018-04-02 19:42:09.233
617,7,2012-09-09,20120909,USD,EUR,0.7802,2018-04-02 19:42:09.233
618,7,2012-09-10,20120910,USD,EUR,0.7838,2018-04-02 19:42:09.233
619,7,2012-09-11,20120911,USD,EUR,0.7781,2018-04-02 19:42:09.233
620,7,2012-09-12,20120912,USD,EUR,0.7752,2018-04-02 19:42:09.233
621,7,2012-09-13,20120913,USD,EUR,0.7700,2018-04-02 19:42:09.233
622,7,2012-09-14,20120914,USD,EUR,0.7617,2018-04-02 19:42:09.233
623,7,2012-09-15,20120915,USD,EUR,0.7617,2018-04-02 19:42:09.233
624,7,2012-09-16,20120916,USD,EUR,0.7617,2018-04-02 19:42:09.233
625,7,2012-09-17,20120917,USD,EUR,0.7625,2018-04-02 19:42:09.233
626,7,2012-09-18,20120918,USD,EUR,0.7666,2018-04-02 19:42:09.233
627,7,2012-09-19,20120919,USD,EUR,0.7665,2018-04-02 19:42:09.233
628,7,2012-09-20,20120920,USD,EUR,0.7712,2018-04-02 19:42:09.233
629,7,2012-09-21,20120921,USD,EUR,0.7708,2018-04-02 19:42:09.233
630,7,2012-09-22,20120922,USD,EUR,0.7708,2018-04-02 19:42:09.233
631,7,2012-09-23,20120923,USD,EUR,0.7708,2018-04-02 19:42:09.233
632,7,2012-09-24,20120924,USD,EUR,0.7734,2018-04-02 19:42:09.233
633,7,2012-09-25,20120925,USD,EUR,0.7747,2018-04-02 19:42:09.233
634,7,2012-09-26,20120926,USD,EUR,0.7768,2018-04-02 19:42:09.233
635,7,2012-09-27,20120927,USD,EUR,0.7741,2018-04-02 19:42:09.233
636,7,2012-09-28,20120928,USD,EUR,0.7778,2018-04-02 19:42:09.233
637,7,2012-09-29,20120929,USD,EUR,0.7778,2018-04-02 19:42:09.233
638,7,2012-09-30,20120930,USD,EUR,0.7778,2018-04-02 19:42:09.233
639,7,2012-10-01,20121001,USD,EUR,0.7760,2018-04-02 19:42:09.233
640,7,2012-10-02,20121002,USD,EUR,0.7741,2018-04-02 19:42:09.233
641,7,2012-10-03,20121003,USD,EUR,0.7747,2018-04-02 19:42:09.233
642,7,2012-10-04,20121004,USD,EUR,0.7682,2018-04-02 19:42:09.233
643,7,2012-10-05,20121005,USD,EUR,0.7674,2018-04-02 19:42:09.233
644,7,2012-10-06,20121006,USD,EUR,0.7674,2018-04-02 19:42:09.233
645,7,2012-10-07,20121007,USD,EUR,0.7681,2018-04-02 19:42:09.233
646,7,2012-10-08,20121008,USD,EUR,0.7711,2018-04-02 19:42:09.233
647,7,2012-10-09,20121009,USD,EUR,0.7763,2018-04-02 19:42:09.233
648,7,2012-10-10,20121010,USD,EUR,0.7784,2018-04-02 19:42:09.233
649,7,2012-10-11,20121011,USD,EUR,0.7734,2018-04-02 19:42:09.233
650,7,2012-10-12,20121012,USD,EUR,0.7718,2018-04-02 19:42:09.233
651,7,2012-10-13,20121013,USD,EUR,0.7718,2018-04-02 19:42:09.233
652,7,2012-10-14,20121014,USD,EUR,0.7723,2018-04-02 19:42:09.233
653,7,2012-10-15,20121015,USD,EUR,0.7724,2018-04-02 19:42:09.233
654,7,2012-10-16,20121016,USD,EUR,0.7636,2018-04-02 19:42:09.233
655,7,2012-10-17,20121017,USD,EUR,0.7624,2018-04-02 19:42:09.233
656,7,2012-10-18,20121018,USD,EUR,0.7652,2018-04-02 19:42:09.233
657,7,2012-10-19,20121019,USD,EUR,0.7679,2018-04-02 19:42:09.233
658,7,2012-10-20,20121020,USD,EUR,0.7679,2018-04-02 19:42:09.233
659,7,2012-10-21,20121021,USD,EUR,0.7681,2018-04-02 19:42:09.233
660,7,2012-10-22,20121022,USD,EUR,0.7653,2018-04-02 19:42:09.233
661,7,2012-10-23,20121023,USD,EUR,0.7701,2018-04-02 19:42:09.233
662,7,2012-10-24,20121024,USD,EUR,0.7710,2018-04-02 19:42:09.233
663,7,2012-10-25,20121025,USD,EUR,0.7727,2018-04-02 19:42:09.233
664,7,2012-10-26,20121026,USD,EUR,0.7728,2018-04-02 19:42:09.233
665,7,2012-10-27,20121027,USD,EUR,0.7728,2018-04-02 19:42:09.233
666,7,2012-10-28,20121028,USD,EUR,0.7737,2018-04-02 19:42:09.233
667,7,2012-10-29,20121029,USD,EUR,0.7750,2018-04-02 19:42:09.233
668,7,2012-10-30,20121030,USD,EUR,0.7714,2018-04-02 19:42:09.233
669,7,2012-10-31,20121031,USD,EUR,0.7716,2018-04-02 19:42:09.233
670,7,2012-11-01,20121101,USD,EUR,0.7726,2018-04-02 19:42:09.233
671,7,2012-11-02,20121102,USD,EUR,0.7791,2018-04-02 19:42:09.233
672,7,2012-11-03,20121103,USD,EUR,0.7791,2018-04-02 19:42:09.233
673,7,2012-11-04,20121104,USD,EUR,0.7798,2018-04-02 19:42:09.233
674,7,2012-11-05,20121105,USD,EUR,0.7814,2018-04-02 19:42:09.233
675,7,2012-11-06,20121106,USD,EUR,0.7806,2018-04-02 19:42:09.233
676,7,2012-11-07,20121107,USD,EUR,0.7828,2018-04-02 19:42:09.233
677,7,2012-11-08,20121108,USD,EUR,0.7846,2018-04-02 19:42:09.233
678,7,2012-11-09,20121109,USD,EUR,0.7866,2018-04-02 19:42:09.233
679,7,2012-11-10,20121110,USD,EUR,0.7866,2018-04-02 19:42:09.233
680,7,2012-11-11,20121111,USD,EUR,0.7864,2018-04-02 19:42:09.233
681,7,2012-11-12,20121112,USD,EUR,0.7868,2018-04-02 19:42:09.233
682,7,2012-11-13,20121113,USD,EUR,0.7873,2018-04-02 19:42:09.233
683,7,2012-11-14,20121114,USD,EUR,0.7854,2018-04-02 19:42:09.233
684,7,2012-11-15,20121115,USD,EUR,0.7824,2018-04-02 19:42:09.233
685,7,2012-11-16,20121116,USD,EUR,0.7852,2018-04-02 19:42:09.233
686,7,2012-11-17,20121117,USD,EUR,0.7852,2018-04-02 19:42:09.233
687,7,2012-11-18,20121118,USD,EUR,0.7847,2018-04-02 19:42:09.233
688,7,2012-11-19,20121119,USD,EUR,0.7824,2018-04-02 19:42:09.233
689,7,2012-11-20,20121120,USD,EUR,0.7803,2018-04-02 19:42:09.233
690,7,2012-11-21,20121121,USD,EUR,0.7795,2018-04-02 19:42:09.233
691,7,2012-11-22,20121122,USD,EUR,0.7763,2018-04-02 19:42:09.233
692,7,2012-11-23,20121123,USD,EUR,0.7707,2018-04-02 19:42:09.233
693,7,2012-11-24,20121124,USD,EUR,0.7707,2018-04-02 19:42:09.233
694,7,2012-11-25,20121125,USD,EUR,0.7707,2018-04-02 19:42:09.233
695,7,2012-11-26,20121126,USD,EUR,0.7698,2018-04-02 19:42:09.233
696,7,2012-11-27,20121127,USD,EUR,0.7730,2018-04-02 19:42:09.233
697,7,2012-11-28,20121128,USD,EUR,0.7722,2018-04-02 19:42:09.233
698,7,2012-11-29,20121129,USD,EUR,0.7707,2018-04-02 19:42:09.233
699,7,2012-11-30,20121130,USD,EUR,0.7703,2018-04-02 19:42:09.233
700,7,2012-12-01,20121201,USD,EUR,0.7703,2018-04-02 19:42:09.233
701,7,2012-12-02,20121202,USD,EUR,0.7705,2018-04-02 19:42:09.233
702,7,2012-12-03,20121203,USD,EUR,0.7658,2018-04-02 19:42:09.233
703,7,2012-12-04,20121204,USD,EUR,0.7637,2018-04-02 19:42:09.233
704,7,2012-12-05,20121205,USD,EUR,0.7652,2018-04-02 19:42:09.233
705,7,2012-12-06,20121206,USD,EUR,0.7716,2018-04-02 19:42:09.233
706,7,2012-12-07,20121207,USD,EUR,0.7737,2018-04-02 19:42:09.233
707,7,2012-12-08,20121208,USD,EUR,0.7737,2018-04-02 19:42:09.233
708,7,2012-12-09,20121209,USD,EUR,0.7759,2018-04-02 19:42:09.233
709,7,2012-12-10,20121210,USD,EUR,0.7728,2018-04-02 19:42:09.233
710,7,2012-12-11,20121211,USD,EUR,0.7687,2018-04-02 19:42:09.233
711,7,2012-12-12,20121212,USD,EUR,0.7651,2018-04-02 19:42:09.233
712,7,2012-12-13,20121213,USD,EUR,0.7648,2018-04-02 19:42:09.233
713,7,2012-12-14,20121214,USD,EUR,0.7600,2018-04-02 19:42:09.233
714,7,2012-12-15,20121215,USD,EUR,0.7600,2018-04-02 19:42:09.233
715,7,2012-12-16,20121216,USD,EUR,0.7588,2018-04-02 19:42:09.233
716,7,2012-12-17,20121217,USD,EUR,0.7599,2018-04-02 19:42:09.233
717,7,2012-12-18,20121218,USD,EUR,0.7560,2018-04-02 19:42:09.233
718,7,2012-12-19,20121219,USD,EUR,0.7574,2018-04-02 19:42:09.233
719,7,2012-12-20,20121220,USD,EUR,0.7549,2018-04-02 19:42:09.233
720,7,2012-12-21,20121221,USD,EUR,0.7585,2018-04-02 19:42:09.233
721,7,2012-12-22,20121222,USD,EUR,0.7585,2018-04-02 19:42:09.233
722,7,2012-12-23,20121223,USD,EUR,0.7588,2018-04-02 19:42:09.233
723,7,2012-12-24,20121224,USD,EUR,0.7584,2018-04-02 19:42:09.233
724,7,2012-12-25,20121225,USD,EUR,0.7587,2018-04-02 19:42:09.233
725,7,2012-12-26,20121226,USD,EUR,0.7563,2018-04-02 19:42:09.233
726,7,2012-12-27,20121227,USD,EUR,0.7557,2018-04-02 19:42:09.233
727,7,2012-12-28,20121228,USD,EUR,0.7565,2018-04-02 19:42:09.233
728,7,2012-12-29,20121229,USD,EUR,0.7565,2018-04-02 19:42:09.233
729,7,2012-12-30,20121230,USD,EUR,0.7568,2018-04-02 19:42:09.233
730,7,2012-12-31,20121231,USD,EUR,0.7575,2018-04-02 19:42:09.233
731,7,2013-01-01,20130101,USD,EUR,0.7568,2018-04-02 19:42:09.233
732,7,2013-01-02,20130102,USD,EUR,0.7582,2018-04-02 19:42:09.233
733,7,2013-01-03,20130103,USD,EUR,0.7670,2018-04-02 19:42:09.233
734,7,2013-01-04,20130104,USD,EUR,0.7654,2018-04-02 19:42:09.233
735,7,2013-01-05,20130105,USD,EUR,0.7654,2018-04-02 19:42:09.233
736,7,2013-01-06,20130106,USD,EUR,0.7648,2018-04-02 19:42:09.233
737,7,2013-01-07,20130107,USD,EUR,0.7618,2018-04-02 19:42:09.233
738,7,2013-01-08,20130108,USD,EUR,0.7645,2018-04-02 19:42:09.233
739,7,2013-01-09,20130109,USD,EUR,0.7660,2018-04-02 19:42:09.233
740,7,2013-01-10,20130110,USD,EUR,0.7535,2018-04-02 19:42:09.233
741,7,2013-01-11,20130111,USD,EUR,0.7494,2018-04-02 19:42:09.233
742,7,2013-01-12,20130112,USD,EUR,0.7494,2018-04-02 19:42:09.233
743,7,2013-01-13,20130113,USD,EUR,0.7485,2018-04-02 19:42:09.233
744,7,2013-01-14,20130114,USD,EUR,0.7474,2018-04-02 19:42:09.233
745,7,2013-01-15,20130115,USD,EUR,0.7520,2018-04-02 19:42:09.233
746,7,2013-01-16,20130116,USD,EUR,0.7527,2018-04-02 19:42:09.233
747,7,2013-01-17,20130117,USD,EUR,0.7475,2018-04-02 19:42:09.233
748,7,2013-01-18,20130118,USD,EUR,0.7508,2018-04-02 19:42:09.233
749,7,2013-01-19,20130119,USD,EUR,0.7508,2018-04-02 19:42:09.233
750,7,2013-01-20,20130120,USD,EUR,0.7508,2018-04-02 19:42:09.233
751,7,2013-01-21,20130121,USD,EUR,0.7509,2018-04-02 19:42:09.233
752,7,2013-01-22,20130122,USD,EUR,0.7506,2018-04-02 19:42:09.233
753,7,2013-01-23,20130123,USD,EUR,0.7513,2018-04-02 19:42:09.233
754,7,2013-01-24,20130124,USD,EUR,0.7475,2018-04-02 19:42:09.233
755,7,2013-01-25,20130125,USD,EUR,0.7429,2018-04-02 19:42:09.233
756,7,2013-01-26,20130126,USD,EUR,0.7429,2018-04-02 19:42:09.233
757,7,2013-01-27,20130127,USD,EUR,0.7421,2018-04-02 19:42:09.233
758,7,2013-01-28,20130128,USD,EUR,0.7436,2018-04-02 19:42:09.233
759,7,2013-01-29,20130129,USD,EUR,0.7415,2018-04-02 19:42:09.233
760,7,2013-01-30,20130130,USD,EUR,0.7370,2018-04-02 19:42:09.233
761,7,2013-01-31,20130131,USD,EUR,0.7359,2018-04-02 19:42:09.233
762,7,2013-02-01,20130201,USD,EUR,0.7325,2018-04-02 19:42:09.233
763,7,2013-02-02,20130202,USD,EUR,0.7325,2018-04-02 19:42:09.233
764,7,2013-02-03,20130203,USD,EUR,0.7323,2018-04-02 19:42:09.233
765,7,2013-02-04,20130204,USD,EUR,0.7405,2018-04-02 19:42:09.233
766,7,2013-02-05,20130205,USD,EUR,0.7363,2018-04-02 19:42:09.233
767,7,2013-02-06,20130206,USD,EUR,0.7396,2018-04-02 19:42:09.233
768,7,2013-02-07,20130207,USD,EUR,0.7466,2018-04-02 19:42:09.233
769,7,2013-02-08,20130208,USD,EUR,0.7482,2018-04-02 19:42:09.233
770,7,2013-02-09,20130209,USD,EUR,0.7482,2018-04-02 19:42:09.233
771,7,2013-02-10,20130210,USD,EUR,0.7481,2018-04-02 19:42:09.233
772,7,2013-02-11,20130211,USD,EUR,0.7464,2018-04-02 19:42:09.233
773,7,2013-02-12,20130212,USD,EUR,0.7433,2018-04-02 19:42:09.233
774,7,2013-02-13,20130213,USD,EUR,0.7436,2018-04-02 19:42:09.233
775,7,2013-02-14,20130214,USD,EUR,0.7486,2018-04-02 19:42:09.233
776,7,2013-02-15,20130215,USD,EUR,0.7484,2018-04-02 19:42:09.233
777,7,2013-02-16,20130216,USD,EUR,0.7484,2018-04-02 19:42:09.233
778,7,2013-02-17,20130217,USD,EUR,0.7500,2018-04-02 19:42:09.233
779,7,2013-02-18,20130218,USD,EUR,0.7489,2018-04-02 19:42:09.233
780,7,2013-02-19,20130219,USD,EUR,0.7470,2018-04-02 19:42:09.233
781,7,2013-02-20,20130220,USD,EUR,0.7525,2018-04-02 19:42:09.233
782,7,2013-02-21,20130221,USD,EUR,0.7581,2018-04-02 19:42:09.233
783,7,2013-02-22,20130222,USD,EUR,0.7578,2018-04-02 19:42:09.233
784,7,2013-02-23,20130223,USD,EUR,0.7578,2018-04-02 19:42:09.233
785,7,2013-02-24,20130224,USD,EUR,0.7578,2018-04-02 19:42:09.233
786,7,2013-02-25,20130225,USD,EUR,0.7655,2018-04-02 19:42:09.233
787,7,2013-02-26,20130226,USD,EUR,0.7655,2018-04-02 19:42:09.233
788,7,2013-02-27,20130227,USD,EUR,0.7613,2018-04-02 19:42:09.233
789,7,2013-02-28,20130228,USD,EUR,0.7653,2018-04-02 19:42:09.233
790,7,2013-03-01,20130301,USD,EUR,0.7676,2018-04-02 19:42:09.233
791,7,2013-03-02,20130302,USD,EUR,0.7676,2018-04-02 19:42:09.233
792,7,2013-03-03,20130303,USD,EUR,0.7683,2018-04-02 19:42:09.233
793,7,2013-03-04,20130304,USD,EUR,0.7678,2018-04-02 19:42:09.233
794,7,2013-03-05,20130305,USD,EUR,0.7665,2018-04-02 19:42:09.233
795,7,2013-03-06,20130306,USD,EUR,0.7707,2018-04-02 19:42:09.233
796,7,2013-03-07,20130307,USD,EUR,0.7629,2018-04-02 19:42:09.233
797,7,2013-03-08,20130308,USD,EUR,0.7693,2018-04-02 19:42:09.233
798,7,2013-03-09,20130309,USD,EUR,0.7693,2018-04-02 19:42:09.233
799,7,2013-03-10,20130310,USD,EUR,0.7695,2018-04-02 19:42:09.233
800,7,2013-03-11,20130311,USD,EUR,0.7672,2018-04-02 19:42:09.233
801,7,2013-03-12,20130312,USD,EUR,0.7677,2018-04-02 19:42:09.233
802,7,2013-03-13,20130313,USD,EUR,0.7717,2018-04-02 19:42:09.233
803,7,2013-03-14,20130314,USD,EUR,0.7687,2018-04-02 19:42:09.233
804,7,2013-03-15,20130315,USD,EUR,0.7645,2018-04-02 19:42:09.233
805,7,2013-03-16,20130316,USD,EUR,0.7645,2018-04-02 19:42:09.233
806,7,2013-03-17,20130317,USD,EUR,0.7755,2018-04-02 19:42:09.233
807,7,2013-03-18,20130318,USD,EUR,0.7725,2018-04-02 19:42:09.233
808,7,2013-03-19,20130319,USD,EUR,0.7775,2018-04-02 19:42:09.233
809,7,2013-03-20,20130320,USD,EUR,0.7732,2018-04-02 19:42:09.233
810,7,2013-03-21,20130321,USD,EUR,0.7754,2018-04-02 19:42:09.233
811,7,2013-03-22,20130322,USD,EUR,0.7700,2018-04-02 19:42:09.233
812,7,2013-03-23,20130323,USD,EUR,0.7700,2018-04-02 19:42:09.233
813,7,2013-03-24,20130324,USD,EUR,0.7707,2018-04-02 19:42:09.233
814,7,2013-03-25,20130325,USD,EUR,0.7778,2018-04-02 19:42:09.233
815,7,2013-03-26,20130326,USD,EUR,0.7775,2018-04-02 19:42:09.233
816,7,2013-03-27,20130327,USD,EUR,0.7826,2018-04-02 19:42:09.233
817,7,2013-03-28,20130328,USD,EUR,0.7802,2018-04-02 19:42:09.233
818,7,2013-03-29,20130329,USD,EUR,0.7800,2018-04-02 19:42:09.233
819,7,2013-03-30,20130330,USD,EUR,0.7800,2018-04-02 19:42:09.233
820,7,2013-03-31,20130331,USD,EUR,0.7811,2018-04-02 19:42:09.233
821,7,2013-04-01,20130401,USD,EUR,0.7785,2018-04-02 19:42:09.233
822,7,2013-04-02,20130402,USD,EUR,0.7798,2018-04-02 19:42:09.233
823,7,2013-04-03,20130403,USD,EUR,0.7785,2018-04-02 19:42:09.233
824,7,2013-04-04,20130404,USD,EUR,0.7731,2018-04-02 19:42:09.233
825,7,2013-04-05,20130405,USD,EUR,0.7698,2018-04-02 19:42:09.233
826,7,2013-04-06,20130406,USD,EUR,0.7698,2018-04-02 19:42:09.233
827,7,2013-04-07,20130407,USD,EUR,0.7698,2018-04-02 19:42:09.233
828,7,2013-04-08,20130408,USD,EUR,0.7682,2018-04-02 19:42:09.233
829,7,2013-04-09,20130409,USD,EUR,0.7645,2018-04-02 19:42:09.233
830,7,2013-04-10,20130410,USD,EUR,0.7652,2018-04-02 19:42:09.233
831,7,2013-04-11,20130411,USD,EUR,0.7629,2018-04-02 19:42:09.233
832,7,2013-04-12,20130412,USD,EUR,0.7632,2018-04-02 19:42:09.233
833,7,2013-04-13,20130413,USD,EUR,0.7632,2018-04-02 19:42:09.233
834,7,2013-04-14,20130414,USD,EUR,0.7632,2018-04-02 19:42:09.233
835,7,2013-04-15,20130415,USD,EUR,0.7664,2018-04-02 19:42:09.233
836,7,2013-04-16,20130416,USD,EUR,0.7588,2018-04-02 19:42:09.233
837,7,2013-04-17,20130417,USD,EUR,0.7672,2018-04-02 19:42:09.233
838,7,2013-04-18,20130418,USD,EUR,0.7662,2018-04-02 19:42:09.233
839,7,2013-04-19,20130419,USD,EUR,0.7659,2018-04-02 19:42:09.233
840,7,2013-04-20,20130420,USD,EUR,0.7659,2018-04-02 19:42:09.233
841,7,2013-04-21,20130421,USD,EUR,0.7659,2018-04-02 19:42:09.233
842,7,2013-04-22,20130422,USD,EUR,0.7655,2018-04-02 19:42:09.233
843,7,2013-04-23,20130423,USD,EUR,0.7692,2018-04-02 19:42:09.233
844,7,2013-04-24,20130424,USD,EUR,0.7684,2018-04-02 19:42:09.233
845,7,2013-04-25,20130425,USD,EUR,0.7685,2018-04-02 19:42:09.233
846,7,2013-04-26,20130426,USD,EUR,0.7675,2018-04-02 19:42:09.233
847,7,2013-04-27,20130427,USD,EUR,0.7675,2018-04-02 19:42:09.233
848,7,2013-04-28,20130428,USD,EUR,0.7675,2018-04-02 19:42:09.233
849,7,2013-04-29,20130429,USD,EUR,0.7637,2018-04-02 19:42:09.233
850,7,2013-04-30,20130430,USD,EUR,0.7595,2018-04-02 19:42:09.233
851,7,2013-05-01,20130501,USD,EUR,0.7586,2018-04-02 19:42:09.233
852,7,2013-05-02,20130502,USD,EUR,0.7656,2018-04-02 19:42:09.233
853,7,2013-05-03,20130503,USD,EUR,0.7625,2018-04-02 19:42:09.233
854,7,2013-05-04,20130504,USD,EUR,0.7625,2018-04-02 19:42:09.233
855,7,2013-05-05,20130505,USD,EUR,0.7625,2018-04-02 19:42:09.233
856,7,2013-05-06,20130506,USD,EUR,0.7649,2018-04-02 19:42:09.233
857,7,2013-05-07,20130507,USD,EUR,0.7647,2018-04-02 19:42:09.233
858,7,2013-05-08,20130508,USD,EUR,0.7600,2018-04-02 19:42:09.233
859,7,2013-05-09,20130509,USD,EUR,0.7668,2018-04-02 19:42:09.233
860,7,2013-05-10,20130510,USD,EUR,0.7696,2018-04-02 19:42:09.233
861,7,2013-05-11,20130511,USD,EUR,0.7696,2018-04-02 19:42:09.233
862,7,2013-05-12,20130512,USD,EUR,0.7696,2018-04-02 19:42:09.233
863,7,2013-05-13,20130513,USD,EUR,0.7704,2018-04-02 19:42:09.233
864,7,2013-05-14,20130514,USD,EUR,0.7732,2018-04-02 19:42:09.233
865,7,2013-05-15,20130515,USD,EUR,0.7764,2018-04-02 19:42:09.233
866,7,2013-05-16,20130516,USD,EUR,0.7761,2018-04-02 19:42:09.233
867,7,2013-05-17,20130517,USD,EUR,0.7792,2018-04-02 19:42:09.233
868,7,2013-05-18,20130518,USD,EUR,0.7792,2018-04-02 19:42:09.233
869,7,2013-05-19,20130519,USD,EUR,0.7792,2018-04-02 19:42:09.233
870,7,2013-05-20,20130520,USD,EUR,0.7762,2018-04-02 19:42:09.233
871,7,2013-05-21,20130521,USD,EUR,0.7748,2018-04-02 19:42:09.233
872,7,2013-05-22,20130522,USD,EUR,0.7781,2018-04-02 19:42:09.233
873,7,2013-05-23,20130523,USD,EUR,0.7732,2018-04-02 19:42:09.233
874,7,2013-05-24,20130524,USD,EUR,0.7731,2018-04-02 19:42:09.233
875,7,2013-05-25,20130525,USD,EUR,0.7731,2018-04-02 19:42:09.233
876,7,2013-05-26,20130526,USD,EUR,0.7731,2018-04-02 19:42:09.233
877,7,2013-05-27,20130527,USD,EUR,0.7732,2018-04-02 19:42:09.233
878,7,2013-05-28,20130528,USD,EUR,0.7780,2018-04-02 19:42:09.233
879,7,2013-05-29,20130529,USD,EUR,0.7727,2018-04-02 19:42:09.233
880,7,2013-05-30,20130530,USD,EUR,0.7664,2018-04-02 19:42:09.233
881,7,2013-05-31,20130531,USD,EUR,0.7699,2018-04-02 19:42:09.233
882,7,2013-06-01,20130601,USD,EUR,0.7699,2018-04-02 19:42:09.233
883,7,2013-06-02,20130602,USD,EUR,0.7699,2018-04-02 19:42:09.233
884,7,2013-06-03,20130603,USD,EUR,0.7650,2018-04-02 19:42:09.233
885,7,2013-06-04,20130604,USD,EUR,0.7643,2018-04-02 19:42:09.233
886,7,2013-06-05,20130605,USD,EUR,0.7637,2018-04-02 19:42:09.233
887,7,2013-06-06,20130606,USD,EUR,0.7553,2018-04-02 19:42:09.233
888,7,2013-06-07,20130607,USD,EUR,0.7565,2018-04-02 19:42:09.233
889,7,2013-06-08,20130608,USD,EUR,0.7565,2018-04-02 19:42:09.233
890,7,2013-06-09,20130609,USD,EUR,0.7565,2018-04-02 19:42:09.233
891,7,2013-06-10,20130610,USD,EUR,0.7543,2018-04-02 19:42:09.233
892,7,2013-06-11,20130611,USD,EUR,0.7512,2018-04-02 19:42:09.233
893,7,2013-06-12,20130612,USD,EUR,0.7498,2018-04-02 19:42:09.233
894,7,2013-06-13,20130613,USD,EUR,0.7477,2018-04-02 19:42:09.233
895,7,2013-06-14,20130614,USD,EUR,0.7493,2018-04-02 19:42:09.233
896,7,2013-06-15,20130615,USD,EUR,0.7493,2018-04-02 19:42:09.233
897,7,2013-06-16,20130616,USD,EUR,0.7493,2018-04-02 19:42:09.233
898,7,2013-06-17,20130617,USD,EUR,0.7483,2018-04-02 19:42:09.233
899,7,2013-06-18,20130618,USD,EUR,0.7466,2018-04-02 19:42:09.233
900,7,2013-06-19,20130619,USD,EUR,0.7523,2018-04-02 19:42:09.233
901,7,2013-06-20,20130620,USD,EUR,0.7560,2018-04-02 19:42:09.233
902,7,2013-06-21,20130621,USD,EUR,0.7619,2018-04-02 19:42:09.233
903,7,2013-06-22,20130622,USD,EUR,0.7619,2018-04-02 19:42:09.233
904,7,2013-06-23,20130623,USD,EUR,0.7619,2018-04-02 19:42:09.233
905,7,2013-06-24,20130624,USD,EUR,0.7620,2018-04-02 19:42:09.233
906,7,2013-06-25,20130625,USD,EUR,0.7643,2018-04-02 19:42:09.233
907,7,2013-06-26,20130626,USD,EUR,0.7688,2018-04-02 19:42:09.233
908,7,2013-06-27,20130627,USD,EUR,0.7670,2018-04-02 19:42:09.233
909,7,2013-06-28,20130628,USD,EUR,0.7685,2018-04-02 19:42:09.233
910,7,2013-06-29,20130629,USD,EUR,0.7685,2018-04-02 19:42:09.233
911,7,2013-06-30,20130630,USD,EUR,0.7685,2018-04-02 19:42:09.233
912,7,2013-07-01,20130701,USD,EUR,0.7656,2018-04-02 19:42:09.233
913,7,2013-07-02,20130702,USD,EUR,0.7703,2018-04-02 19:42:09.233
914,7,2013-07-03,20130703,USD,EUR,0.7687,2018-04-02 19:42:09.233
915,7,2013-07-04,20130704,USD,EUR,0.7745,2018-04-02 19:42:09.233
916,7,2013-07-05,20130705,USD,EUR,0.7794,2018-04-02 19:42:09.233
917,7,2013-07-06,20130706,USD,EUR,0.7794,2018-04-02 19:42:09.233
918,7,2013-07-07,20130707,USD,EUR,0.7794,2018-04-02 19:42:09.233
919,7,2013-07-08,20130708,USD,EUR,0.7773,2018-04-02 19:42:09.233
920,7,2013-07-09,20130709,USD,EUR,0.7821,2018-04-02 19:42:09.233
921,7,2013-07-10,20130710,USD,EUR,0.7685,2018-04-02 19:42:09.233
922,7,2013-07-11,20130711,USD,EUR,0.7636,2018-04-02 19:42:09.233
923,7,2013-07-12,20130712,USD,EUR,0.7653,2018-04-02 19:42:09.233
924,7,2013-07-13,20130713,USD,EUR,0.7653,2018-04-02 19:42:09.233
925,7,2013-07-14,20130714,USD,EUR,0.7653,2018-04-02 19:42:09.233
926,7,2013-07-15,20130715,USD,EUR,0.7653,2018-04-02 19:42:09.233
927,7,2013-07-16,20130716,USD,EUR,0.7604,2018-04-02 19:42:09.233
928,7,2013-07-17,20130717,USD,EUR,0.7619,2018-04-02 19:42:09.233
929,7,2013-07-18,20130718,USD,EUR,0.7627,2018-04-02 19:42:09.233
930,7,2013-07-19,20130719,USD,EUR,0.7609,2018-04-02 19:42:09.233
931,7,2013-07-20,20130720,USD,EUR,0.7609,2018-04-02 19:42:09.233
932,7,2013-07-21,20130721,USD,EUR,0.7609,2018-04-02 19:42:09.233
933,7,2013-07-22,20130722,USD,EUR,0.7583,2018-04-02 19:42:09.233
934,7,2013-07-23,20130723,USD,EUR,0.7563,2018-04-02 19:42:09.233
935,7,2013-07-24,20130724,USD,EUR,0.7576,2018-04-02 19:42:09.233
936,7,2013-07-25,20130725,USD,EUR,0.7532,2018-04-02 19:42:09.233
937,7,2013-07-26,20130726,USD,EUR,0.7531,2018-04-02 19:42:09.233
938,7,2013-07-27,20130727,USD,EUR,0.7531,2018-04-02 19:42:09.233
939,7,2013-07-28,20130728,USD,EUR,0.7531,2018-04-02 19:42:09.233
940,7,2013-07-29,20130729,USD,EUR,0.7539,2018-04-02 19:42:09.233
941,7,2013-07-30,20130730,USD,EUR,0.7539,2018-04-02 19:42:09.233
942,7,2013-07-31,20130731,USD,EUR,0.7520,2018-04-02 19:42:09.233
943,7,2013-08-01,20130801,USD,EUR,0.7570,2018-04-02 19:42:09.233
944,7,2013-08-02,20130802,USD,EUR,0.7530,2018-04-02 19:42:09.233
945,7,2013-08-03,20130803,USD,EUR,0.7530,2018-04-02 19:42:09.233
946,7,2013-08-04,20130804,USD,EUR,0.7530,2018-04-02 19:42:09.233
947,7,2013-08-05,20130805,USD,EUR,0.7542,2018-04-02 19:42:09.233
948,7,2013-08-06,20130806,USD,EUR,0.7516,2018-04-02 19:42:09.233
949,7,2013-08-07,20130807,USD,EUR,0.7499,2018-04-02 19:42:09.233
950,7,2013-08-08,20130808,USD,EUR,0.7474,2018-04-02 19:42:09.233
951,7,2013-08-09,20130809,USD,EUR,0.7498,2018-04-02 19:42:09.233
952,7,2013-08-10,20130810,USD,EUR,0.7498,2018-04-02 19:42:09.233
953,7,2013-08-11,20130811,USD,EUR,0.7498,2018-04-02 19:42:09.233
954,7,2013-08-12,20130812,USD,EUR,0.7520,2018-04-02 19:42:09.233
955,7,2013-08-13,20130813,USD,EUR,0.7541,2018-04-02 19:42:09.233
956,7,2013-08-14,20130814,USD,EUR,0.7542,2018-04-02 19:42:09.233
957,7,2013-08-15,20130815,USD,EUR,0.7489,2018-04-02 19:42:09.233
958,7,2013-08-16,20130816,USD,EUR,0.7502,2018-04-02 19:42:09.233
959,7,2013-08-17,20130817,USD,EUR,0.7502,2018-04-02 19:42:09.233
960,7,2013-08-18,20130818,USD,EUR,0.7502,2018-04-02 19:42:09.233
961,7,2013-08-19,20130819,USD,EUR,0.7499,2018-04-02 19:42:09.233
962,7,2013-08-20,20130820,USD,EUR,0.7452,2018-04-02 19:42:09.233
963,7,2013-08-21,20130821,USD,EUR,0.7486,2018-04-02 19:42:09.233
964,7,2013-08-22,20130822,USD,EUR,0.7487,2018-04-02 19:42:09.233
965,7,2013-08-23,20130823,USD,EUR,0.7472,2018-04-02 19:42:09.233
966,7,2013-08-24,20130824,USD,EUR,0.7472,2018-04-02 19:42:09.233
967,7,2013-08-25,20130825,USD,EUR,0.7472,2018-04-02 19:42:09.233
968,7,2013-08-26,20130826,USD,EUR,0.7478,2018-04-02 19:42:09.233
969,7,2013-08-27,20130827,USD,EUR,0.7468,2018-04-02 19:42:09.233
970,7,2013-08-28,20130828,USD,EUR,0.7497,2018-04-02 19:42:09.233
971,7,2013-08-29,20130829,USD,EUR,0.7554,2018-04-02 19:42:09.233
972,7,2013-08-30,20130830,USD,EUR,0.7567,2018-04-02 19:42:09.233
973,7,2013-08-31,20130831,USD,EUR,0.7567,2018-04-02 19:42:09.233
974,7,2013-09-01,20130901,USD,EUR,0.7567,2018-04-02 19:42:09.233
975,7,2013-09-02,20130902,USD,EUR,0.7578,2018-04-02 19:42:09.233
976,7,2013-09-03,20130903,USD,EUR,0.7595,2018-04-02 19:42:09.233
977,7,2013-09-04,20130904,USD,EUR,0.7573,2018-04-02 19:42:09.233
978,7,2013-09-05,20130905,USD,EUR,0.7623,2018-04-02 19:42:09.233
979,7,2013-09-06,20130906,USD,EUR,0.7588,2018-04-02 19:42:09.233
980,7,2013-09-07,20130907,USD,EUR,0.7588,2018-04-02 19:42:09.233
981,7,2013-09-08,20130908,USD,EUR,0.7588,2018-04-02 19:42:09.233
982,7,2013-09-09,20130909,USD,EUR,0.7544,2018-04-02 19:42:09.233
983,7,2013-09-10,20130910,USD,EUR,0.7539,2018-04-02 19:42:09.233
984,7,2013-09-11,20130911,USD,EUR,0.7513,2018-04-02 19:42:09.233
985,7,2013-09-12,20130912,USD,EUR,0.7518,2018-04-02 19:42:09.233
986,7,2013-09-13,20130913,USD,EUR,0.7523,2018-04-02 19:42:09.233
987,7,2013-09-14,20130914,USD,EUR,0.7523,2018-04-02 19:42:09.233
988,7,2013-09-15,20130915,USD,EUR,0.7523,2018-04-02 19:42:09.233
989,7,2013-09-16,20130916,USD,EUR,0.7497,2018-04-02 19:42:09.233
990,7,2013-09-17,20130917,USD,EUR,0.7486,2018-04-02 19:42:09.233
991,7,2013-09-18,20130918,USD,EUR,0.7400,2018-04-02 19:42:09.233
992,7,2013-09-19,20130919,USD,EUR,0.7390,2018-04-02 19:42:09.233
993,7,2013-09-20,20130920,USD,EUR,0.7395,2018-04-02 19:42:09.233
994,7,2013-09-21,20130921,USD,EUR,0.7395,2018-04-02 19:42:09.233
995,7,2013-09-22,20130922,USD,EUR,0.7395,2018-04-02 19:42:09.233
996,7,2013-09-23,20130923,USD,EUR,0.7411,2018-04-02 19:42:09.233
997,7,2013-09-24,20130924,USD,EUR,0.7423,2018-04-02 19:42:09.233
998,7,2013-09-25,20130925,USD,EUR,0.7394,2018-04-02 19:42:09.233
999,7,2013-09-26,20130926,USD,EUR,0.7414,2018-04-02 19:42:09.233
1000,7,2013-09-27,20130927,USD,EUR,0.7395,2018-04-02 19:42:09.233
